trial0000001, 000450, CZIP, 1678, 14, 119.857143, GVWY, 317, 2, 158.500000, 144, 148, 
trial0000002, 000450, CZIP, 1083, 14, 77.357143, GVWY, 324, 2, 162.000000, 144, 148, 
trial0000003, 000450, CZIP, 1856, 14, 132.571429, GVWY, 301, 2, 150.500000, 120, 128, 
trial0000004, 000450, CZIP, 1629, 14, 116.357143, GVWY, 292, 2, 146.000000, 160, 178, 
trial0000005, 000450, CZIP, 1761, 14, 125.785714, GVWY, 308, 2, 154.000000, 158, 162, 
trial0000006, 000450, CZIP, 1745, 14, 124.642857, GVWY, 361, 2, 180.500000, 120, 141, 
trial0000007, 000450, CZIP, 1829, 14, 130.642857, GVWY, 255, 2, 127.500000, 129, 143, 
trial0000008, 000450, CZIP, 1624, 14, 116.000000, GVWY, 379, 2, 189.500000, 132, 142, 
trial0000009, 000450, CZIP, 1688, 14, 120.571429, GVWY, 326, 2, 163.000000, 125, 146, 
trial0000010, 000450, CZIP, 1680, 14, 120.000000, GVWY, 283, 2, 141.500000, 138, 148, 
trial0000011, 000450, CZIP, 1552, 14, 110.857143, GVWY, 273, 2, 136.500000, 91, 127, 
trial0000012, 000450, CZIP, 1711, 14, 122.214286, GVWY, 324, 2, 162.000000, 136, 153, 
trial0000013, 000450, CZIP, 1610, 14, 115.000000, GVWY, 304, 2, 152.000000, 158, 163, 
trial0000014, 000450, CZIP, 1766, 14, 126.142857, GVWY, 345, 2, 172.500000, 138, 145, 
trial0000015, 000450, CZIP, 1810, 14, 129.285714, GVWY, 291, 2, 145.500000, 118, 126, 
trial0000016, 000450, CZIP, 1456, 14, 104.000000, GVWY, 293, 2, 146.500000, 160, 164, 
trial0000017, 000450, CZIP, 1547, 14, 110.500000, GVWY, 278, 2, 139.000000, 163, 174, 
trial0000018, 000450, CZIP, 1430, 14, 102.142857, GVWY, 258, 2, 129.000000, 162, 174, 
trial0000019, 000450, CZIP, 1362, 14, 97.285714, GVWY, 348, 2, 174.000000, 115, 155, 
trial0000020, 000450, CZIP, 1730, 14, 123.571429, GVWY, 407, 2, 203.500000, 128, 130, 
trial0000021, 000450, CZIP, 1737, 14, 124.071429, GVWY, 291, 2, 145.500000, 134, 150, 
trial0000022, 000450, CZIP, 1447, 14, 103.357143, GVWY, 242, 2, 121.000000, 117, 136, 
trial0000023, 000450, CZIP, 1991, 14, 142.214286, GVWY, 237, 2, 118.500000, 103, 171, 
trial0000024, 000450, CZIP, 1713, 14, 122.357143, GVWY, 268, 2, 134.000000, 160, 167, 
trial0000025, 000450, CZIP, 1826, 14, 130.428571, GVWY, 273, 2, 136.500000, 135, 145, 
trial0000026, 000450, CZIP, 1731, 14, 123.642857, GVWY, 372, 2, 186.000000, 137, 148, 
trial0000027, 000450, CZIP, 1213, 14, 86.642857, GVWY, 294, 2, 147.000000, 166, 210, 
trial0000028, 000450, CZIP, 1563, 14, 111.642857, GVWY, 295, 2, 147.500000, 115, 149, 
trial0000029, 000450, CZIP, 1791, 14, 127.928571, GVWY, 255, 2, 127.500000, 134, 149, 
trial0000030, 000450, CZIP, 1826, 14, 130.428571, GVWY, 283, 2, 141.500000, 117, 144, 
trial0000031, 000450, CZIP, 1333, 14, 95.214286, GVWY, 295, 2, 147.500000, 168, 416, 
trial0000032, 000450, CZIP, 1500, 14, 107.142857, GVWY, 363, 2, 181.500000, 133, 148, 
trial0000033, 000450, CZIP, 1617, 14, 115.500000, GVWY, 294, 2, 147.000000, 139, 155, 
trial0000034, 000450, CZIP, 1635, 14, 116.785714, GVWY, 367, 2, 183.500000, 138, 149, 
trial0000035, 000450, CZIP, 1996, 14, 142.571429, GVWY, 270, 2, 135.000000, 135, 145, 
trial0000036, 000450, CZIP, 1762, 14, 125.857143, GVWY, 232, 2, 116.000000, 144, 156, 
trial0000037, 000450, CZIP, 1771, 14, 126.500000, GVWY, 260, 2, 130.000000, 165, 222, 
trial0000038, 000450, CZIP, 896, 14, 64.000000, GVWY, 306, 2, 153.000000, 151, 155, 
trial0000039, 000450, CZIP, 1398, 14, 99.857143, GVWY, 305, 2, 152.500000, 131, 141, 
trial0000040, 000450, CZIP, 1650, 14, 117.857143, GVWY, 282, 2, 141.000000, 109, 146, 
trial0000041, 000450, CZIP, 1321, 14, 94.357143, GVWY, 238, 2, 119.000000, 148, 149, 
trial0000042, 000450, CZIP, 1544, 14, 110.285714, GVWY, 247, 2, 123.500000, 166, 172, 
trial0000043, 000450, CZIP, 1417, 14, 101.214286, GVWY, 307, 2, 153.500000, 111, 148, 
trial0000044, 000450, CZIP, 1692, 14, 120.857143, GVWY, 311, 2, 155.500000, 154, 161, 
trial0000045, 000450, CZIP, 1749, 14, 124.928571, GVWY, 316, 2, 158.000000, N, 175, 
trial0000046, 000450, CZIP, 1706, 14, 121.857143, GVWY, 245, 2, 122.500000, 129, 151, 
trial0000047, 000450, CZIP, 1498, 14, 107.000000, GVWY, 281, 2, 140.500000, 158, 165, 
trial0000048, 000450, CZIP, 1753, 14, 125.214286, GVWY, 229, 2, 114.500000, 129, 145, 
trial0000049, 000450, CZIP, 1658, 14, 118.428571, GVWY, 286, 2, 143.000000, 132, 146, 
trial0000050, 000450, CZIP, 1503, 14, 107.357143, GVWY, 326, 2, 163.000000, 140, 142, 
trial0000001, 000450, CZIP, 1383, 12, 115.250000, GVWY, 582, 4, 145.500000, 141, 143, 
trial0000002, 000450, CZIP, 1200, 12, 100.000000, GVWY, 661, 4, 165.250000, 157, 185, 
trial0000003, 000450, CZIP, 1489, 12, 124.083333, GVWY, 566, 4, 141.500000, 107, 146, 
trial0000004, 000450, CZIP, 1301, 12, 108.416667, GVWY, 716, 4, 179.000000, 120, 150, 
trial0000005, 000450, CZIP, 1429, 12, 119.083333, GVWY, 602, 4, 150.500000, 163, 206, 
trial0000006, 000450, CZIP, 1170, 12, 97.500000, GVWY, 556, 4, 139.000000, 166, 176, 
trial0000007, 000450, CZIP, 1261, 12, 105.083333, GVWY, 634, 4, 158.500000, 120, 156, 
trial0000008, 000450, CZIP, 1155, 12, 96.250000, GVWY, 591, 4, 147.750000, 155, 179, 
trial0000009, 000450, CZIP, 1360, 12, 113.333333, GVWY, 601, 4, 150.250000, 164, 180, 
trial0000010, 000450, CZIP, 1154, 12, 96.166667, GVWY, 617, 4, 154.250000, 100, 164, 
trial0000011, 000450, CZIP, 1477, 12, 123.083333, GVWY, 594, 4, 148.500000, 125, 148, 
trial0000012, 000450, CZIP, 1269, 12, 105.750000, GVWY, 595, 4, 148.750000, 148, 164, 
trial0000013, 000450, CZIP, 1316, 12, 109.666667, GVWY, 673, 4, 168.250000, 112, 139, 
trial0000014, 000450, CZIP, 1245, 12, 103.750000, GVWY, 702, 4, 175.500000, 114, 139, 
trial0000015, 000450, CZIP, 1094, 12, 91.166667, GVWY, 661, 4, 165.250000, 112, 147, 
trial0000016, 000450, CZIP, 1457, 12, 121.416667, GVWY, 542, 4, 135.500000, 165, 180, 
trial0000017, 000450, CZIP, 1474, 12, 122.833333, GVWY, 530, 4, 132.500000, 163, 165, 
trial0000018, 000450, CZIP, 1461, 12, 121.750000, GVWY, 590, 4, 147.500000, 162, 181, 
trial0000019, 000450, CZIP, 1416, 12, 118.000000, GVWY, 559, 4, 139.750000, 163, 181, 
trial0000020, 000450, CZIP, 1037, 12, 86.416667, GVWY, 555, 4, 138.750000, 157, 166, 
trial0000021, 000450, CZIP, 1299, 12, 108.250000, GVWY, 562, 4, 140.500000, 165, 178, 
trial0000022, 000450, CZIP, 1276, 12, 106.333333, GVWY, 650, 4, 162.500000, 151, 177, 
trial0000023, 000450, CZIP, 1381, 12, 115.083333, GVWY, 556, 4, 139.000000, 148, 164, 
trial0000024, 000450, CZIP, 1274, 12, 106.166667, GVWY, 568, 4, 142.000000, 99, 142, 
trial0000025, 000450, CZIP, 1209, 12, 100.750000, GVWY, 680, 4, 170.000000, N, 145, 
trial0000026, 000450, CZIP, 1371, 12, 114.250000, GVWY, 671, 4, 167.750000, 161, 179, 
trial0000027, 000450, CZIP, 1484, 12, 123.666667, GVWY, 578, 4, 144.500000, 160, 190, 
trial0000028, 000450, CZIP, 1259, 12, 104.916667, GVWY, 584, 4, 146.000000, 154, 302, 
trial0000029, 000450, CZIP, 1491, 12, 124.250000, GVWY, 675, 4, 168.750000, 107, 145, 
trial0000030, 000450, CZIP, 1372, 12, 114.333333, GVWY, 705, 4, 176.250000, 120, 149, 
trial0000031, 000450, CZIP, 1345, 12, 112.083333, GVWY, 749, 4, 187.250000, 108, 144, 
trial0000032, 000450, CZIP, 1702, 12, 141.833333, GVWY, 589, 4, 147.250000, 147, 148, 
trial0000033, 000450, CZIP, 1309, 12, 109.083333, GVWY, 635, 4, 158.750000, 126, 163, 
trial0000034, 000450, CZIP, 407, 12, 33.916667, GVWY, 603, 4, 150.750000, 159, 177, 
trial0000035, 000450, CZIP, 1390, 12, 115.833333, GVWY, 618, 4, 154.500000, 159, 167, 
trial0000036, 000450, CZIP, 1292, 12, 107.666667, GVWY, 615, 4, 153.750000, 160, 161, 
trial0000037, 000450, CZIP, 1598, 12, 133.166667, GVWY, 500, 4, 125.000000, 135, 147, 
trial0000038, 000450, CZIP, 1502, 12, 125.166667, GVWY, 494, 4, 123.500000, 146, 151, 
trial0000039, 000450, CZIP, 1178, 12, 98.166667, GVWY, 566, 4, 141.500000, 122, 147, 
trial0000040, 000450, CZIP, 1389, 12, 115.750000, GVWY, 477, 4, 119.250000, 163, 167, 
trial0000041, 000450, CZIP, 1435, 12, 119.583333, GVWY, 654, 4, 163.500000, 135, 145, 
trial0000042, 000450, CZIP, 1372, 12, 114.333333, GVWY, 571, 4, 142.750000, 109, 153, 
trial0000043, 000450, CZIP, 1146, 12, 95.500000, GVWY, 583, 4, 145.750000, 152, 155, 
trial0000044, 000450, CZIP, 780, 12, 65.000000, GVWY, 529, 4, 132.250000, 148, 154, 
trial0000045, 000450, CZIP, 1191, 12, 99.250000, GVWY, 568, 4, 142.000000, 165, 263, 
trial0000046, 000450, CZIP, 1007, 12, 83.916667, GVWY, 573, 4, 143.250000, 127, 147, 
trial0000047, 000450, CZIP, 1520, 12, 126.666667, GVWY, 463, 4, 115.750000, 150, 155, 
trial0000048, 000450, CZIP, 1448, 12, 120.666667, GVWY, 553, 4, 138.250000, 113, 142, 
trial0000049, 000450, CZIP, 867, 12, 72.250000, GVWY, 583, 4, 145.750000, 142, 199, 
trial0000050, 000450, CZIP, 1294, 12, 107.833333, GVWY, 542, 4, 135.500000, 132, 148, 
trial0000001, 000450, CZIP, 420, 10, 42.000000, GVWY, 981, 6, 163.500000, 164, 258, 
trial0000002, 000450, CZIP, 1117, 10, 111.700000, GVWY, 937, 6, 156.166667, 111, 142, 
trial0000003, 000450, CZIP, 1017, 10, 101.700000, GVWY, 893, 6, 148.833333, 106, 138, 
trial0000004, 000450, CZIP, 1348, 10, 134.800000, GVWY, 820, 6, 136.666667, 117, 153, 
trial0000005, 000450, CZIP, 968, 10, 96.800000, GVWY, 990, 6, 165.000000, 138, 163, 
trial0000006, 000450, CZIP, 856, 10, 85.600000, GVWY, 964, 6, 160.666667, 166, 189, 
trial0000007, 000450, CZIP, 771, 10, 77.100000, GVWY, 897, 6, 149.500000, 161, 175, 
trial0000008, 000450, CZIP, 1129, 10, 112.900000, GVWY, 955, 6, 159.166667, 134, 150, 
trial0000009, 000450, CZIP, 993, 10, 99.300000, GVWY, 796, 6, 132.666667, 137, 168, 
trial0000010, 000450, CZIP, 949, 10, 94.900000, GVWY, 1013, 6, 168.833333, 135, 143, 
trial0000011, 000450, CZIP, 1040, 10, 104.000000, GVWY, 983, 6, 163.833333, 141, 184, 
trial0000012, 000450, CZIP, 793, 10, 79.300000, GVWY, 900, 6, 150.000000, N, 199, 
trial0000013, 000450, CZIP, 942, 10, 94.200000, GVWY, 841, 6, 140.166667, 120, 140, 
trial0000014, 000450, CZIP, 1210, 10, 121.000000, GVWY, 938, 6, 156.333333, 129, 136, 
trial0000015, 000450, CZIP, 1006, 10, 100.600000, GVWY, 910, 6, 151.666667, 146, 195, 
trial0000016, 000450, CZIP, 1241, 10, 124.100000, GVWY, 922, 6, 153.666667, 132, 151, 
trial0000017, 000450, CZIP, 860, 10, 86.000000, GVWY, 990, 6, 165.000000, 127, 144, 
trial0000018, 000450, CZIP, 1053, 10, 105.300000, GVWY, 934, 6, 155.666667, 163, 176, 
trial0000019, 000450, CZIP, 1110, 10, 111.000000, GVWY, 887, 6, 147.833333, 153, 163, 
trial0000020, 000450, CZIP, 967, 10, 96.700000, GVWY, 900, 6, 150.000000, 158, 182, 
trial0000021, 000450, CZIP, 1296, 10, 129.600000, GVWY, 835, 6, 139.166667, 134, 171, 
trial0000022, 000450, CZIP, 883, 10, 88.300000, GVWY, 941, 6, 156.833333, 139, 148, 
trial0000023, 000450, CZIP, 1300, 10, 130.000000, GVWY, 873, 6, 145.500000, 114, 152, 
trial0000024, 000450, CZIP, 752, 10, 75.200000, GVWY, 983, 6, 163.833333, 158, 205, 
trial0000025, 000450, CZIP, 1134, 10, 113.400000, GVWY, 793, 6, 132.166667, 158, 165, 
trial0000026, 000450, CZIP, 1044, 10, 104.400000, GVWY, 970, 6, 161.666667, 128, 148, 
trial0000027, 000450, CZIP, 1261, 10, 126.100000, GVWY, 1003, 6, 167.166667, 165, 193, 
trial0000028, 000450, CZIP, 933, 10, 93.300000, GVWY, 1035, 6, 172.500000, 121, 126, 
trial0000029, 000450, CZIP, 1225, 10, 122.500000, GVWY, 859, 6, 143.166667, 133, 148, 
trial0000030, 000450, CZIP, 1119, 10, 111.900000, GVWY, 1037, 6, 172.833333, 162, 172, 
trial0000031, 000450, CZIP, 969, 10, 96.900000, GVWY, 875, 6, 145.833333, 113, 167, 
trial0000032, 000450, CZIP, 1075, 10, 107.500000, GVWY, 862, 6, 143.666667, 168, 174, 
trial0000033, 000450, CZIP, 800, 10, 80.000000, GVWY, 914, 6, 152.333333, 167, 202, 
trial0000034, 000450, CZIP, 1020, 10, 102.000000, GVWY, 891, 6, 148.500000, 134, 139, 
trial0000035, 000450, CZIP, 1162, 10, 116.200000, GVWY, 877, 6, 146.166667, 168, 182, 
trial0000036, 000450, CZIP, 1210, 10, 121.000000, GVWY, 918, 6, 153.000000, 151, 173, 
trial0000037, 000450, CZIP, 1130, 10, 113.000000, GVWY, 907, 6, 151.166667, 123, 141, 
trial0000038, 000450, CZIP, 1136, 10, 113.600000, GVWY, 899, 6, 149.833333, 114, 151, 
trial0000039, 000450, CZIP, 841, 10, 84.100000, GVWY, 970, 6, 161.666667, 91, 122, 
trial0000040, 000450, CZIP, 926, 10, 92.600000, GVWY, 840, 6, 140.000000, 150, 180, 
trial0000041, 000450, CZIP, 989, 10, 98.900000, GVWY, 965, 6, 160.833333, 113, 148, 
trial0000042, 000450, CZIP, 1116, 10, 111.600000, GVWY, 833, 6, 138.833333, 143, 167, 
trial0000043, 000450, CZIP, 826, 10, 82.600000, GVWY, 998, 6, 166.333333, 134, 140, 
trial0000044, 000450, CZIP, 907, 10, 90.700000, GVWY, 918, 6, 153.000000, 142, 148, 
trial0000045, 000450, CZIP, 835, 10, 83.500000, GVWY, 1011, 6, 168.500000, 110, 149, 
trial0000046, 000450, CZIP, 1130, 10, 113.000000, GVWY, 991, 6, 165.166667, 140, 166, 
trial0000047, 000450, CZIP, 758, 10, 75.800000, GVWY, 843, 6, 140.500000, 167, 260, 
trial0000048, 000450, CZIP, 1308, 10, 130.800000, GVWY, 907, 6, 151.166667, 107, 144, 
trial0000049, 000450, CZIP, 1018, 10, 101.800000, GVWY, 928, 6, 154.666667, 131, 151, 
trial0000050, 000450, CZIP, 1255, 10, 125.500000, GVWY, 875, 6, 145.833333, 144, 149, 
trial0000001, 000450, CZIP, 755, 8, 94.375000, GVWY, 1064, 8, 133.000000, 165, 258, 
trial0000002, 000450, CZIP, 551, 8, 68.875000, GVWY, 1164, 8, 145.500000, 168, 169, 
trial0000003, 000450, CZIP, 868, 8, 108.500000, GVWY, 1325, 8, 165.625000, 128, 145, 
trial0000004, 000450, CZIP, 941, 8, 117.625000, GVWY, 1317, 8, 164.625000, 125, 166, 
trial0000005, 000450, CZIP, 1163, 8, 145.375000, GVWY, 1173, 8, 146.625000, 126, 136, 
trial0000006, 000450, CZIP, 674, 8, 84.250000, GVWY, 1428, 8, 178.500000, 96, 142, 
trial0000007, 000450, CZIP, 829, 8, 103.625000, GVWY, 1115, 8, 139.375000, 166, 185, 
trial0000008, 000450, CZIP, 753, 8, 94.125000, GVWY, 1108, 8, 138.500000, 146, 148, 
trial0000009, 000450, CZIP, 722, 8, 90.250000, GVWY, 1347, 8, 168.375000, 124, 152, 
trial0000010, 000450, CZIP, 839, 8, 104.875000, GVWY, 1160, 8, 145.000000, 108, 147, 
trial0000011, 000450, CZIP, 886, 8, 110.750000, GVWY, 1169, 8, 146.125000, 140, 143, 
trial0000012, 000450, CZIP, 934, 8, 116.750000, GVWY, 1141, 8, 142.625000, 125, 174, 
trial0000013, 000450, CZIP, 609, 8, 76.125000, GVWY, 1298, 8, 162.250000, 116, 139, 
trial0000014, 000450, CZIP, 826, 8, 103.250000, GVWY, 1144, 8, 143.000000, 164, 273, 
trial0000015, 000450, CZIP, 849, 8, 106.125000, GVWY, 1229, 8, 153.625000, 157, 178, 
trial0000016, 000450, CZIP, 477, 8, 59.625000, GVWY, 1177, 8, 147.125000, 162, 386, 
trial0000017, 000450, CZIP, 370, 8, 46.250000, GVWY, 1263, 8, 157.875000, 148, 190, 
trial0000018, 000450, CZIP, 567, 8, 70.875000, GVWY, 1387, 8, 173.375000, 161, 243, 
trial0000019, 000450, CZIP, 802, 8, 100.250000, GVWY, 1136, 8, 142.000000, 109, 147, 
trial0000020, 000450, CZIP, 657, 8, 82.125000, GVWY, 1323, 8, 165.375000, 153, 192, 
trial0000021, 000450, CZIP, 1129, 8, 141.125000, GVWY, 1032, 8, 129.000000, 156, 160, 
trial0000022, 000450, CZIP, 671, 8, 83.875000, GVWY, 1231, 8, 153.875000, 131, 145, 
trial0000023, 000450, CZIP, 927, 8, 115.875000, GVWY, 1089, 8, 136.125000, 165, 303, 
trial0000024, 000450, CZIP, 754, 8, 94.250000, GVWY, 1189, 8, 148.625000, N, 141, 
trial0000025, 000450, CZIP, 752, 8, 94.000000, GVWY, 1173, 8, 146.625000, 136, 154, 
trial0000026, 000450, CZIP, 803, 8, 100.375000, GVWY, 1212, 8, 151.500000, 166, 175, 
trial0000027, 000450, CZIP, 807, 8, 100.875000, GVWY, 1252, 8, 156.500000, 143, 154, 
trial0000028, 000450, CZIP, 973, 8, 121.625000, GVWY, 1222, 8, 152.750000, 111, 148, 
trial0000029, 000450, CZIP, 484, 8, 60.500000, GVWY, 1231, 8, 153.875000, 111, 148, 
trial0000030, 000450, CZIP, 957, 8, 119.625000, GVWY, 1245, 8, 155.625000, 98, 165, 
trial0000031, 000450, CZIP, 912, 8, 114.000000, GVWY, 1196, 8, 149.500000, 110, 149, 
trial0000032, 000450, CZIP, 779, 8, 97.375000, GVWY, 1314, 8, 164.250000, 104, 149, 
trial0000033, 000450, CZIP, 499, 8, 62.375000, GVWY, 1232, 8, 154.000000, 134, 142, 
trial0000034, 000450, CZIP, 624, 8, 78.000000, GVWY, 1245, 8, 155.625000, 158, 202, 
trial0000035, 000450, CZIP, 776, 8, 97.000000, GVWY, 1182, 8, 147.750000, 147, 176, 
trial0000036, 000450, CZIP, 725, 8, 90.625000, GVWY, 1061, 8, 132.625000, 147, 290, 
trial0000037, 000450, CZIP, 754, 8, 94.250000, GVWY, 1270, 8, 158.750000, 112, 148, 
trial0000038, 000450, CZIP, 808, 8, 101.000000, GVWY, 1259, 8, 157.375000, 144, 155, 
trial0000039, 000450, CZIP, 705, 8, 88.125000, GVWY, 1126, 8, 140.750000, 114, 135, 
trial0000040, 000450, CZIP, 922, 8, 115.250000, GVWY, 1240, 8, 155.000000, 129, 148, 
trial0000041, 000450, CZIP, 852, 8, 106.500000, GVWY, 1257, 8, 157.125000, 89, 158, 
trial0000042, 000450, CZIP, 772, 8, 96.500000, GVWY, 1264, 8, 158.000000, 90, 170, 
trial0000043, 000450, CZIP, 261, 8, 32.625000, GVWY, 1198, 8, 149.750000, 162, 180, 
trial0000044, 000450, CZIP, 686, 8, 85.750000, GVWY, 1264, 8, 158.000000, 148, N, 
trial0000045, 000450, CZIP, 619, 8, 77.375000, GVWY, 1080, 8, 135.000000, 106, 151, 
trial0000046, 000450, CZIP, 795, 8, 99.375000, GVWY, 1400, 8, 175.000000, 143, 147, 
trial0000047, 000450, CZIP, 755, 8, 94.375000, GVWY, 1378, 8, 172.250000, 131, 145, 
trial0000048, 000450, CZIP, 753, 8, 94.125000, GVWY, 1490, 8, 186.250000, 91, 144, 
trial0000049, 000450, CZIP, 524, 8, 65.500000, GVWY, 1168, 8, 146.000000, 132, 144, 
trial0000050, 000450, CZIP, 671, 8, 83.875000, GVWY, 1333, 8, 166.625000, 109, 148, 
trial0000001, 000450, CZIP, 497, 6, 82.833333, GVWY, 1484, 10, 148.400000, 165, 236, 
trial0000002, 000450, CZIP, 314, 6, 52.333333, GVWY, 1529, 10, 152.900000, 164, 201, 
trial0000003, 000450, CZIP, 337, 6, 56.166667, GVWY, 1585, 10, 158.500000, 117, 127, 
trial0000004, 000450, CZIP, 446, 6, 74.333333, GVWY, 1588, 10, 158.800000, 164, 174, 
trial0000005, 000450, CZIP, 277, 6, 46.166667, GVWY, 1636, 10, 163.600000, 127, 140, 
trial0000006, 000450, CZIP, 544, 6, 90.666667, GVWY, 1567, 10, 156.700000, 108, 156, 
trial0000007, 000450, CZIP, 601, 6, 100.166667, GVWY, 1569, 10, 156.900000, 134, 147, 
trial0000008, 000450, CZIP, 456, 6, 76.000000, GVWY, 1498, 10, 149.800000, 147, N, 
trial0000009, 000450, CZIP, 644, 6, 107.333333, GVWY, 1422, 10, 142.200000, 128, 148, 
trial0000010, 000450, CZIP, 672, 6, 112.000000, GVWY, 1386, 10, 138.600000, 165, 257, 
trial0000011, 000450, CZIP, 573, 6, 95.500000, GVWY, 1448, 10, 144.800000, 166, 247, 
trial0000012, 000450, CZIP, 464, 6, 77.333333, GVWY, 1591, 10, 159.100000, 161, 177, 
trial0000013, 000450, CZIP, 474, 6, 79.000000, GVWY, 1403, 10, 140.300000, 166, 171, 
trial0000014, 000450, CZIP, 356, 6, 59.333333, GVWY, 1678, 10, 167.800000, 157, 223, 
trial0000015, 000450, CZIP, 283, 6, 47.166667, GVWY, 1512, 10, 151.200000, 168, 206, 
trial0000016, 000450, CZIP, 313, 6, 52.166667, GVWY, 1381, 10, 138.100000, 161, 188, 
trial0000017, 000450, CZIP, 490, 6, 81.666667, GVWY, 1538, 10, 153.800000, 112, 148, 
trial0000018, 000450, CZIP, 381, 6, 63.500000, GVWY, 1452, 10, 145.200000, 142, 148, 
trial0000019, 000450, CZIP, 535, 6, 89.166667, GVWY, 1548, 10, 154.800000, 111, 135, 
trial0000020, 000450, CZIP, 412, 6, 68.666667, GVWY, 1631, 10, 163.100000, 93, 140, 
trial0000021, 000450, CZIP, 576, 6, 96.000000, GVWY, 1542, 10, 154.200000, 143, 150, 
trial0000022, 000450, CZIP, 705, 6, 117.500000, GVWY, 1472, 10, 147.200000, 112, 148, 
trial0000023, 000450, CZIP, 461, 6, 76.833333, GVWY, 1437, 10, 143.700000, 140, 145, 
trial0000024, 000450, CZIP, 395, 6, 65.833333, GVWY, 1483, 10, 148.300000, 160, 378, 
trial0000025, 000450, CZIP, 365, 6, 60.833333, GVWY, 1548, 10, 154.800000, 164, 186, 
trial0000026, 000450, CZIP, 573, 6, 95.500000, GVWY, 1708, 10, 170.800000, 125, 153, 
trial0000027, 000450, CZIP, 514, 6, 85.666667, GVWY, 1433, 10, 143.300000, 164, 234, 
trial0000028, 000450, CZIP, 528, 6, 88.000000, GVWY, 1546, 10, 154.600000, 121, 147, 
trial0000029, 000450, CZIP, 418, 6, 69.666667, GVWY, 1592, 10, 159.200000, 166, 192, 
trial0000030, 000450, CZIP, 492, 6, 82.000000, GVWY, 1460, 10, 146.000000, 158, 173, 
trial0000031, 000450, CZIP, 484, 6, 80.666667, GVWY, 1482, 10, 148.200000, 108, 175, 
trial0000032, 000450, CZIP, 451, 6, 75.166667, GVWY, 1621, 10, 162.100000, 118, 144, 
trial0000033, 000450, CZIP, 541, 6, 90.166667, GVWY, 1586, 10, 158.600000, 98, 142, 
trial0000034, 000450, CZIP, 501, 6, 83.500000, GVWY, 1692, 10, 169.200000, N, 326, 
trial0000035, 000450, CZIP, 531, 6, 88.500000, GVWY, 1452, 10, 145.200000, 116, 149, 
trial0000036, 000450, CZIP, 400, 6, 66.666667, GVWY, 1447, 10, 144.700000, 116, 163, 
trial0000037, 000450, CZIP, 393, 6, 65.500000, GVWY, 1491, 10, 149.100000, 161, 202, 
trial0000038, 000450, CZIP, 482, 6, 80.333333, GVWY, 1585, 10, 158.500000, 166, 252, 
trial0000039, 000450, CZIP, 447, 6, 74.500000, GVWY, 1413, 10, 141.300000, 140, 148, 
trial0000040, 000450, CZIP, 106, 6, 17.666667, GVWY, 1506, 10, 150.600000, 164, 309, 
trial0000041, 000450, CZIP, 566, 6, 94.333333, GVWY, 1449, 10, 144.900000, 133, 143, 
trial0000042, 000450, CZIP, 589, 6, 98.166667, GVWY, 1508, 10, 150.800000, 147, 170, 
trial0000043, 000450, CZIP, 371, 6, 61.833333, GVWY, 1586, 10, 158.600000, 100, 188, 
trial0000044, 000450, CZIP, 622, 6, 103.666667, GVWY, 1599, 10, 159.900000, N, N, 
trial0000045, 000450, CZIP, 441, 6, 73.500000, GVWY, 1588, 10, 158.800000, 148, 401, 
trial0000046, 000450, CZIP, 454, 6, 75.666667, GVWY, 1386, 10, 138.600000, 163, 198, 
trial0000047, 000450, CZIP, 550, 6, 91.666667, GVWY, 1460, 10, 146.000000, 113, 123, 
trial0000048, 000450, CZIP, 566, 6, 94.333333, GVWY, 1511, 10, 151.100000, 125, 148, 
trial0000049, 000450, CZIP, 606, 6, 101.000000, GVWY, 1378, 10, 137.800000, 167, 179, 
trial0000050, 000450, CZIP, 519, 6, 86.500000, GVWY, 1407, 10, 140.700000, 161, 241, 
trial0000001, 000450, CZIP, 270, 4, 67.500000, GVWY, 1797, 12, 149.750000, 168, 231, 
trial0000002, 000450, CZIP, 334, 4, 83.500000, GVWY, 1651, 12, 137.583333, 136, 148, 
trial0000003, 000450, CZIP, 195, 4, 48.750000, GVWY, 1840, 12, 153.333333, 142, 204, 
trial0000004, 000450, CZIP, 177, 4, 44.250000, GVWY, 1914, 12, 159.500000, 117, 146, 
trial0000005, 000450, CZIP, 373, 4, 93.250000, GVWY, 1737, 12, 144.750000, 119, 148, 
trial0000006, 000450, CZIP, 326, 4, 81.500000, GVWY, 1747, 12, 145.583333, N, 137, 
trial0000007, 000450, CZIP, 458, 4, 114.500000, GVWY, 1682, 12, 140.166667, 107, N, 
trial0000008, 000450, CZIP, 274, 4, 68.500000, GVWY, 1849, 12, 154.083333, N, 303, 
trial0000009, 000450, CZIP, 287, 4, 71.750000, GVWY, 1884, 12, 157.000000, 156, 183, 
trial0000010, 000450, CZIP, 190, 4, 47.500000, GVWY, 1811, 12, 150.916667, 141, 151, 
trial0000011, 000450, CZIP, 278, 4, 69.500000, GVWY, 1882, 12, 156.833333, 132, 142, 
trial0000012, 000450, CZIP, 386, 4, 96.500000, GVWY, 1762, 12, 146.833333, 163, 195, 
trial0000013, 000450, CZIP, 305, 4, 76.250000, GVWY, 1812, 12, 151.000000, 110, 193, 
trial0000014, 000450, CZIP, 339, 4, 84.750000, GVWY, 1731, 12, 144.250000, 111, 139, 
trial0000015, 000450, CZIP, 499, 4, 124.750000, GVWY, 1681, 12, 140.083333, 162, 201, 
trial0000016, 000450, CZIP, 250, 4, 62.500000, GVWY, 1812, 12, 151.000000, 161, 214, 
trial0000017, 000450, CZIP, 193, 4, 48.250000, GVWY, 1813, 12, 151.083333, 79, N, 
trial0000018, 000450, CZIP, 434, 4, 108.500000, GVWY, 1764, 12, 147.000000, 144, N, 
trial0000019, 000450, CZIP, 323, 4, 80.750000, GVWY, 1809, 12, 150.750000, 119, 146, 
trial0000020, 000450, CZIP, 333, 4, 83.250000, GVWY, 1881, 12, 156.750000, 123, N, 
trial0000021, 000450, CZIP, 172, 4, 43.000000, GVWY, 1813, 12, 151.083333, 129, 193, 
trial0000022, 000450, CZIP, 565, 4, 141.250000, GVWY, 1722, 12, 143.500000, 162, 711, 
trial0000023, 000450, CZIP, 315, 4, 78.750000, GVWY, 1735, 12, 144.583333, 168, 200, 
trial0000024, 000450, CZIP, 269, 4, 67.250000, GVWY, 1699, 12, 141.583333, 167, 244, 
trial0000025, 000450, CZIP, 252, 4, 63.000000, GVWY, 1784, 12, 148.666667, N, 337, 
trial0000026, 000450, CZIP, 201, 4, 50.250000, GVWY, 1798, 12, 149.833333, 138, 247, 
trial0000027, 000450, CZIP, 252, 4, 63.000000, GVWY, 1861, 12, 155.083333, 162, 205, 
trial0000028, 000450, CZIP, 154, 4, 38.500000, GVWY, 2004, 12, 167.000000, 164, 607, 
trial0000029, 000450, CZIP, 254, 4, 63.500000, GVWY, 1796, 12, 149.666667, 123, 140, 
trial0000030, 000450, CZIP, 299, 4, 74.750000, GVWY, 1800, 12, 150.000000, 157, 190, 
trial0000031, 000450, CZIP, 249, 4, 62.250000, GVWY, 1716, 12, 143.000000, 159, 319, 
trial0000032, 000450, CZIP, 379, 4, 94.750000, GVWY, 1740, 12, 145.000000, 163, 182, 
trial0000033, 000450, CZIP, 283, 4, 70.750000, GVWY, 1875, 12, 156.250000, 113, 170, 
trial0000034, 000450, CZIP, 343, 4, 85.750000, GVWY, 1942, 12, 161.833333, 119, 148, 
trial0000035, 000450, CZIP, 187, 4, 46.750000, GVWY, 1656, 12, 138.000000, 168, N, 
trial0000036, 000450, CZIP, 231, 4, 57.750000, GVWY, 1818, 12, 151.500000, 166, 219, 
trial0000037, 000450, CZIP, 243, 4, 60.750000, GVWY, 1799, 12, 149.916667, 168, 239, 
trial0000038, 000450, CZIP, 149, 4, 37.250000, GVWY, 1732, 12, 144.333333, 151, 225, 
trial0000039, 000450, CZIP, 266, 4, 66.500000, GVWY, 1826, 12, 152.166667, 110, 220, 
trial0000040, 000450, CZIP, 427, 4, 106.750000, GVWY, 1698, 12, 141.500000, 104, 137, 
trial0000041, 000450, CZIP, 82, 4, 20.500000, GVWY, 1829, 12, 152.416667, 161, 337, 
trial0000042, 000450, CZIP, 219, 4, 54.750000, GVWY, 1867, 12, 155.583333, 135, 142, 
trial0000043, 000450, CZIP, 374, 4, 93.500000, GVWY, 1750, 12, 145.833333, 153, 187, 
trial0000044, 000450, CZIP, 323, 4, 80.750000, GVWY, 1752, 12, 146.000000, 166, 170, 
trial0000045, 000450, CZIP, 171, 4, 42.750000, GVWY, 1961, 12, 163.416667, 111, 141, 
trial0000046, 000450, CZIP, 338, 4, 84.500000, GVWY, 1962, 12, 163.500000, 119, 147, 
trial0000047, 000450, CZIP, 262, 4, 65.500000, GVWY, 1966, 12, 163.833333, 156, 167, 
trial0000048, 000450, CZIP, 355, 4, 88.750000, GVWY, 1738, 12, 144.833333, 120, 148, 
trial0000049, 000450, CZIP, 109, 4, 27.250000, GVWY, 1785, 12, 148.750000, 159, 226, 
trial0000050, 000450, CZIP, 184, 4, 46.000000, GVWY, 1815, 12, 151.250000, 106, 143, 
trial0000001, 000450, CZIP, 147, 2, 73.500000, GVWY, 1989, 14, 142.071429, N, 339, 
trial0000002, 000450, CZIP, 140, 2, 70.000000, GVWY, 1908, 14, 136.285714, 165, 462, 
trial0000003, 000450, CZIP, 87, 2, 43.500000, GVWY, 2048, 14, 146.285714, 156, 175, 
trial0000004, 000450, CZIP, 82, 2, 41.000000, GVWY, 2161, 14, 154.357143, 129, 425, 
trial0000005, 000450, CZIP, 52, 2, 26.000000, GVWY, 2072, 14, 148.000000, 167, 418, 
trial0000006, 000450, CZIP, 106, 2, 53.000000, GVWY, 2090, 14, 149.285714, 83, 148, 
trial0000007, 000450, CZIP, 125, 2, 62.500000, GVWY, 2076, 14, 148.285714, 158, N, 
trial0000008, 000450, CZIP, 54, 2, 27.000000, GVWY, 2055, 14, 146.785714, 99, 139, 
trial0000009, 000450, CZIP, 35, 2, 17.500000, GVWY, 2130, 14, 152.142857, 103, 142, 
trial0000010, 000450, CZIP, 96, 2, 48.000000, GVWY, 2283, 14, 163.071429, 133, N, 
trial0000011, 000450, CZIP, 83, 2, 41.500000, GVWY, 2084, 14, 148.857143, 160, N, 
trial0000012, 000450, CZIP, 68, 2, 34.000000, GVWY, 2134, 14, 152.428571, 138, 147, 
trial0000013, 000450, CZIP, 135, 2, 67.500000, GVWY, 1908, 14, 136.285714, 52, N, 
trial0000014, 000450, CZIP, 32, 2, 16.000000, GVWY, 2066, 14, 147.571429, 168, 687, 
trial0000015, 000450, CZIP, 133, 2, 66.500000, GVWY, 2010, 14, 143.571429, 126, 193, 
trial0000016, 000450, CZIP, 123, 2, 61.500000, GVWY, 1965, 14, 140.357143, 142, 147, 
trial0000017, 000450, CZIP, 219, 2, 109.500000, GVWY, 1960, 14, 140.000000, N, 135, 
trial0000018, 000450, CZIP, 100, 2, 50.000000, GVWY, 1955, 14, 139.642857, N, 188, 
trial0000019, 000450, CZIP, 121, 2, 60.500000, GVWY, 2192, 14, 156.571429, 168, 225, 
trial0000020, 000450, CZIP, 133, 2, 66.500000, GVWY, 2109, 14, 150.642857, 111, 146, 
trial0000021, 000450, CZIP, 91, 2, 45.500000, GVWY, 2190, 14, 156.428571, N, 192, 
trial0000022, 000450, CZIP, 156, 2, 78.000000, GVWY, 1961, 14, 140.071429, 103, 146, 
trial0000023, 000450, CZIP, 84, 2, 42.000000, GVWY, 2211, 14, 157.928571, 80, 138, 
trial0000024, 000450, CZIP, 133, 2, 66.500000, GVWY, 2115, 14, 151.071429, 129, 181, 
trial0000025, 000450, CZIP, 65, 2, 32.500000, GVWY, 2134, 14, 152.428571, 167, 313, 
trial0000026, 000450, CZIP, 142, 2, 71.000000, GVWY, 1925, 14, 137.500000, 162, 371, 
trial0000027, 000450, CZIP, 192, 2, 96.000000, GVWY, 2058, 14, 147.000000, 160, 228, 
trial0000028, 000450, CZIP, 135, 2, 67.500000, GVWY, 1885, 14, 134.642857, 165, 561, 
trial0000029, 000450, CZIP, 135, 2, 67.500000, GVWY, 2073, 14, 148.071429, 165, N, 
trial0000030, 000450, CZIP, 70, 2, 35.000000, GVWY, 2057, 14, 146.928571, 155, 264, 
trial0000031, 000450, CZIP, 113, 2, 56.500000, GVWY, 2020, 14, 144.285714, 110, 148, 
trial0000032, 000450, CZIP, 48, 2, 24.000000, GVWY, 2180, 14, 155.714286, 103, 135, 
trial0000033, 000450, CZIP, 69, 2, 34.500000, GVWY, 2166, 14, 154.714286, 163, 170, 
trial0000034, 000450, CZIP, 81, 2, 40.500000, GVWY, 2013, 14, 143.785714, 162, 371, 
trial0000035, 000450, CZIP, 118, 2, 59.000000, GVWY, 2168, 14, 154.857143, 159, 475, 
trial0000036, 000450, CZIP, 88, 2, 44.000000, GVWY, 2068, 14, 147.714286, 165, 470, 
trial0000037, 000450, CZIP, 127, 2, 63.500000, GVWY, 2060, 14, 147.142857, 108, 185, 
trial0000038, 000450, CZIP, 37, 2, 18.500000, GVWY, 2060, 14, 147.142857, 144, 383, 
trial0000039, 000450, CZIP, 119, 2, 59.500000, GVWY, 2139, 14, 152.785714, 106, 141, 
trial0000040, 000450, CZIP, 214, 2, 107.000000, GVWY, 1820, 14, 130.000000, 119, 141, 
trial0000041, 000450, CZIP, 81, 2, 40.500000, GVWY, 1963, 14, 140.214286, 128, 333, 
trial0000042, 000450, CZIP, 168, 2, 84.000000, GVWY, 2094, 14, 149.571429, 157, 277, 
trial0000043, 000450, CZIP, 30, 2, 15.000000, GVWY, 2187, 14, 156.214286, 64, N, 
trial0000044, 000450, CZIP, 70, 2, 35.000000, GVWY, 2277, 14, 162.642857, 82, N, 
trial0000045, 000450, CZIP, 45, 2, 22.500000, GVWY, 2101, 14, 150.071429, 128, 148, 
trial0000046, 000450, CZIP, 73, 2, 36.500000, GVWY, 2158, 14, 154.142857, N, N, 
trial0000047, 000450, CZIP, 60, 2, 30.000000, GVWY, 2195, 14, 156.785714, 65, 139, 
trial0000048, 000450, CZIP, 118, 2, 59.000000, GVWY, 2055, 14, 146.785714, N, 487, 
trial0000049, 000450, CZIP, 89, 2, 44.500000, GVWY, 2380, 14, 170.000000, 84, 148, 
trial0000050, 000450, CZIP, 103, 2, 51.500000, GVWY, 2158, 14, 154.142857, N, 335, 
